xmin,ymin,xmax,ymax,confidence,class,name
58.336849212646484,45.36558151245117,261.9626159667969,459.0,0.5630987286567688,0,human_heat
211.8359832763672,0.0,320.8948669433594,48.71671676635742,0.28147080540657043,0,human_heat
