image,class,x_center,y_center,width,height,confidence
test1,0,0.123366,0.5,0.116013,0.372549,0.282166
test1,0,0.638072,0.495643,0.158497,0.442266,0.338062
test1,0,0.537582,0.480392,0.101307,0.389978,0.41175
test1,0,0.0449346,0.490196,0.0898693,0.326797,0.504023
test1,0,0.642974,0.617647,0.119281,0.246187,0.504769
test1,0,0.45915,0.620915,0.163399,0.610022,0.796299
test1,0,0.254902,0.630719,0.166667,0.572985,0.890795
