xmin,ymin,xmax,ymax,confidence,class,name
515.91845703125,297.77471923828125,734.3317260742188,875.9301147460938,0.40427350997924805,0,human_heat
